,,,,,,,
,0 cm,5 cm,10 cm,15 cm,20 cm,25 cm,30 cm
,749,746,741,752,748,741,750
,750,744,750,744,749,748,748
,750,752,751,743,748,751,750
,742,753,751,740,744,752,740
,739,752,743,752,744,743,740
,738,745,743,751,744,743,740
,749,745,743,753,752,741,750
,751,745,750,742,752,751,750
,749,753,750,740,752,751,750
,740,754,753,743,744,752,741
,739,753,741,748,744,743,742
,742,746,742,750,744,742,742
,750,744,745,752,754,744,741
,749,745,750,742,753,750,749
,749,752,751,743,753,751,749
,741,752,749,744,741,752,750
,320,581,657,671,811,804,775
,917,1023,821,704,675,627,722
,390,969,920,821,690,666,671
,944,979,887,703,803,855,732
,1023,825,937,837,721,876,747
,388,1022,645,843,706,746,806
,583,995,864,797,815,859,710
,422,951,546,845,747,655,797
,869,933,540,785,776,782,802
,622,741,927,687,672,655,802
,877,457,739,688,752,872,807
,207,501,705,831,825,797,690
,1023,553,614,674,815,635,790
,452,727,692,683,731,635,795
,250,614,785,649,744,839,791
,686,554,922,835,751,855,802
,1023,946,498,844,750,594,726
,1023,408,841,661,750,828,697
,969,689,743,827,741,631,796
,831,846,982,852,742,696,808
,440,478,660,637,742,629,678
,997,453,603,850,751,628,716
,519,568,818,819,751,641,693
,797,866,916,775,750,731,803
,1023,752,759,843,743,709,703
,446,1001,649,807,743,628,706
,403,729,564,855,741,675,682
,658,581,537,659,750,655,704
,412,387,805,781,750,665,768
,515,674,915,643,751,810,713
,1023,959,499,698,741,803,691
,1023,936,599,640,742,816,754
,573,791,622,807,742,755,698
,778,892,745,739,751,581,785
,772,928,545,665,751,649,693
,505,898,887,770,750,671,699
,567,343,636,847,750,824,753
,1006,842,731,710,741,642,807
,832,728,851,659,739,785,713
,1023,1023,609,671,741,862,695
,351,628,615,681,751,733,713
,1023,338,832,846,751,639,717
,1023,495,911,656,747,811,684
,1003,856,636,726,741,634,687
,703,543,877,852,740,648,702
,706,906,831,648,740,859,774
,406,463,923,852,741,804,727
,658,1023,552,697,751,759,728
,927,722,572,871,751,662,792
,489,404,594,648,741,702,720
,594,728,900,824,742,751,724
,391,623,618,819,743,755,753
,889,996,985,722,749,714,750
,725,985,612,727,751,882,740
,749,935,942,747,752,636,740
,742,799,1007,743,742,872,741
,741,540,542,743,743,766,742
,743,783,480,752,741,741,750
,750,743,920,752,752,743,750
,746,744,919,754,751,751,751
,744,747,811,743,743,751,742
,739,750,751,744,743,751,741
,740,749,742,744,744,743,740
,739,743,741,752,751,743,750
,750,743,743,752,751,739,750
,749,745,743,751,749,747,751
,748,753,751,742,743,747,740
,740,753,750,748,741,747,740
,738,755,751,744,740,748,742
,742,745,743,751,748,742,750
,750,747,742,752,747,743,750
,750,743,742,751,748,742,752
,750,752,750,744,747,751,742
,747,751,745,748,743,751,739
,741,752,744,748,743,751,740
,741,752,740,752,743,743,749
,740,744,742,752,753,741,751
,752,744,743,751,751,743,750
,749,743,750,745,747,751,742
,753,752,748,744,743,753,742
,741,753,750,743,740,746,740
,739,752,742,751,740,743,749
,742,743,746,752,750,743,750
,750,744,742,751,751,753,750
,749,744,751,744,684,750,743
,751,752,749,744,750,753,740
,739,752,751,744,819,749,743
,740,753,743,743,663,743,740
,740,744,742,751,822,743,748
,749,750,742,750,676,750,747
,750,746,747,751,766,751,748
,739,753,751,743,670,751,740
,739,752,751,744,765,743,742
,739,752,740,743,794,743,742
,750,745,743,751,704,742,750
,276,745,742,750,649,748,750
,416,745,744,751,824,750,751
,1023,752,750,741,743,751,814
,592,752,751,746,763,867,642
,615,752,750,729,779,889,879
,286,919,743,849,664,648,733
,963,895,742,868,817,875,723
,402,460,742,667,804,604,633
,577,861,747,739,691,645,810
,1016,696,751,601,701,803,841
,38,750,750,797,814,643,789
,1023,869,705,745,793,816,863
,278,713,877,709,686,676,631
,479,816,568,653,806,662,675
,924,1011,685,799,845,652,817
,719,1001,935,678,697,850,789
,1023,1023,776,696,667,823,831
,1023,1023,825,871,686,792,846
,481,915,799,655,741,719,870
,590,607,537,862,765,831,858
,1023,723,745,885,803,858,707
,1023,553,883,732,740,652,635
,1021,479,827,852,679,771,643
,388,852,653,680,668,837,839
,451,571,658,842,825,733,848
,839,779,581,601,849,752,640
,1023,549,873,781,741,737,754
,479,851,940,690,808,909,802
,453,954,718,677,814,753,702
,1023,510,786,646,668,690,771
,1023,755,632,663,786,582,839
,574,493,948,711,678,869,636
,517,925,758,794,675,800,764
,510,700,675,643,691,599,826
,924,511,692,774,690,851,795
,646,538,548,814,789,689,848
,499,975,674,740,788,636,821
,417,716,926,814,769,639,893
,1023,400,644,830,692,673,819
,362,437,772,862,736,647,643
,329,636,747,787,743,844,634
,849,399,550,728,740,734,831
,553,467,893,822,740,625,792
,970,1023,809,716,747,710,658
,635,902,913,881,748,712,759
,100,704,572,679,747,766,798
,330,415,561,675,740,635,678
,376,699,907,704,741,844,801
,1023,433,610,652,743,623,747
,340,1023,822,651,751,689,639
,283,780,896,693,751,917,852
,709,613,644,693,751,824,763
,739,651,571,636,740,623,646
,739,569,685,716,741,702,631
,750,917,779,646,742,729,735
,751,966,982,883,752,878,750
,747,1023,592,730,751,639,750
,741,765,635,751,751,750,747
,740,752,918,743,742,748,739
,739,750,751,743,743,738,740
,749,753,751,744,743,741,742
,747,743,743,751,751,743,750
,750,743,742,751,751,751,750
,741,744,740,752,751,751,750
,739,750,750,743,741,753,740
,740,751,751,737,743,743,740
,748,752,750,746,741,741,742
,748,741,742,752,742,739,750
,749,743,742,752,751,751,750
,749,743,743,752,750,751,750
,742,747,750,746,751,749,742
,742,752,750,742,744,743,739
,740,752,751,742,740,742,740
,749,752,742,749,743,742,750
,749,745,743,752,749,751,749
,750,745,741,751,751,751,747
,742,744,753,743,751,751,742
,744,752,751,746,743,743,741
,740,755,750,744,743,742,740
,750,752,742,743,743,743,740
,748,743,742,752,750,751,752
,749,743,742,751,750,752,750
,742,743,750,752,752,751,749
,741,751,750,743,742,744,742
,741,752,750,745,743,745,741
,750,752,739,744,745,743,739
,747,744,742,752,819,747,750
,750,743,742,751,671,750,750
,743,743,744,752,820,751,747
,744,752,749,744,742,751,740
,741,752,751,744,824,743,741
,749,756,750,743,725,741,741
,749,741,742,752,809,741,751
,749,743,743,753,648,751,751
,740,743,741,749,812,752,750
,743,744,750,744,816,753,742
,742,752,749,743,810,743,743
,704,752,742,743,722,743,741
,1021,753,741,750,717,743,750
,663,745,739,752,677,751,690
,558,746,750,751,677,752,702
,598,743,751,848,801,752,723
,662,533,750,843,763,686,800
,899,566,744,818,809,625,791
,668,936,928,744,737,907,761
,321,1006,679,795,701,832,809
,762,732,665,843,718,732,711
,885,801,647,672,679,867,758
,228,1023,552,720,810,653,808
,866,917,561,724,654,632,739
,173,446,880,790,741,670,769
,385,329,909,854,711,649,711
,1023,599,927,831,777,779,804
,1023,1023,680,678,730,810,705
,1023,474,999,724,743,649,760
,46,934,595,596,728,622,704
,381,433,793,754,816,686,695
,304,662,536,789,827,788,747
,790,554,561,851,763,791,690
,379,408,670,652,705,864,685
,350,518,901,813,827,833,763
,531,1023,937,715,815,624,718
,877,477,806,793,823,803,709
,621,621,707,646,666,815,774
,409,1023,772,822,788,667,694
,675,440,811,670,830,797,707
,817,773,779,851,720,673,697
,339,1023,840,825,814,868,807
,297,1023,931,848,651,721,690
,496,1023,647,877,789,847,760
,1023,683,868,753,779,878,817
,1023,668,672,854,843,868,716
,871,616,938,697,772,668,744
,1023,1023,756,695,822,639,691
,1023,525,706,642,812,845,794
,590,894,648,753,698,740,798
,1023,557,984,660,681,640,716
,982,486,916,647,687,720,775
,1002,1001,546,647,734,593,726
,727,384,620,644,751,701,746
,835,697,720,806,741,839,690
,900,570,579,682,742,585,736
,804,705,576,755,751,730,790
,423,908,541,630,752,637,727
,922,1014,735,804,751,709,717
,983,1015,920,853,743,664,724
,907,1023,933,616,743,740,765
,829,981,497,822,741,585,739
,690,627,744,863,743,636,733
,749,1023,927,800,749,862,713
,741,772,585,694,749,619,787
,740,1023,563,619,743,792,729
,742,593,977,728,743,654,742
,748,988,570,845,743,755,742
,752,612,727,603,743,780,749
,750,984,573,751,749,777,751
,744,771,936,751,751,750,751
,742,753,774,743,751,751,740
,742,751,750,743,743,738,740
,741,752,742,743,743,741,740
,750,752,742,751,741,740,740
,748,745,742,751,748,750,749
,749,745,751,751,751,750,750
,742,744,749,742,751,751,743
,740,753,751,742,743,746,739
,742,752,743,743,743,743,741
,750,752,744,742,743,741,739
,749,745,742,748,751,751,749
,,,,,,,
,,,,,,,
,,,,,,,
,,,,,,,
,,,,,,,
,,,,,,,
,,,,,,,
,,,,,,,
,,,,,,,
,,,,,,,
,,,,,,,
,,,,,,,
,,,,,,,
,,,,,,,
,,,,,,,
,,,,,,,
,,,,,,,
,,,,,,,
,,,,,,,
,,,,,,,
,,,,,,,
,,,,,,,
,,,,,,,
,,,,,,,
,,,,,,,
,,,,,,,
,,,,,,,
,,,,,,,
,,,,,,,
,,,,,,,
,,,,,,,
,,,,,,,
,,,,,,,
,,,,,,,
,,,,,,,
,,,,,,,
,,,,,,,
,,,,,,,
,,,,,,,
,,,,,,,
,,,,,,,
,,,,,,,
,,,,,,,
,,,,,,,
,,,,,,,
,,,,,,,
,,,,,,,
,,,,,,,
,,,,,,,
,,,,,,,
,,,,,,,
,,,,,,,
,,,,,,,
,,,,,,,
,,,,,,,
,,,,,,,
,,,,,,,
,,,,,,,
,,,,,,,
,,,,,,,
,,,,,,,
,,,,,,,
,,,,,,,
,,,,,,,
,,,,,,,
,,,,,,,
,,,,,,,
,,,,,,,
,,,,,,,
