"t (s)","Tilt up/down (deg)","Tilt left/right (deg)"
2.667027200E-1,3.032089561E0,1.226842591E0
7.646653240E-1,3.594095492E0,1.508610879E0
1.262672199E0,4.024314642E0,1.697105397E0
2.258524126E0,6.451044356E0,1.589034867E0
2.756512668E0,8.414039932E0,2.021812508E0
3.254606574E0,9.623846937E0,2.422194188E0
3.752599543E0,1.051934459E1,3.335296377E0
4.250344855E0,1.187103217E1,3.687790994E0
4.748351053E0,1.282548296E1,3.732611447E0
5.246239595E0,1.321917445E1,3.347719515E0
5.744408918E0,1.374784839E1,3.113585435E0
6.242336209E0,1.446272216E1,2.857305207E0
6.740427407E0,1.523415001E1,2.578797359E0
7.238607095E0,1.604770060E1,2.494026997E0
7.736702043E0,1.666652835E1,2.426577093E0
8.234828189E0,1.719085274E1,2.293607944E0
8.733013970E0,1.760194376E1,2.425548569E0
9.231256574E0,1.812073853E1,2.570619990E0
9.729280897E0,1.845329981E1,2.452697577E0
1.022727225E1,1.863684085E1,2.293919411E0
1.072527704E1,1.843279275E1,2.356934930E0
1.122345558E1,1.862048894E1,2.280978217E0
1.172160803E1,1.895335120E1,2.403516959E0
1.221971371E1,1.906859703E1,2.011070074E0
1.271761558E1,2.062559284E1,1.769177243E0
1.321555699E1,2.137103768E1,1.681883921E0
1.371368444E1,2.140182761E1,1.797800730E0
1.421191564E1,2.170768252E1,1.691695778E0
1.471010506E1,2.237846562E1,1.663220223E0
1.520813902E1,2.348169959E1,1.773653352E0
1.570619866E1,2.421281942E1,1.980857694E0
1.620428788E1,2.470063443E1,1.882546171E0
1.670230048E1,2.511184358E1,1.833050157E0
1.720044496E1,2.550862713E1,1.834831424E0
1.769847564E1,2.591430194E1,2.657725708E0
1.819657522E1,2.628476816E1,2.221272875E0
1.869479392E1,2.656810111E1,1.649741671E0
1.919291616E1,2.684402665E1,1.756871258E0
1.969102683E1,2.704949973E1,1.376669680E0
2.018921960E1,2.731031971E1,1.403444783E0
2.068740621E1,2.760313145E1,9.883570746E-1
2.118546110E1,2.783405402E1,9.898185760E-1
2.168352496E1,2.821273699E1,1.072090193E0
2.218161975E1,2.837655298E1,1.000393184E0
2.267970267E1,3.020944859E1,1.681993651E0
2.317777730E1,2.268379600E1,2.048041970E0
2.367582527E1,2.280886084E1,1.644597758E0
2.417395928E1,2.195025650E1,9.266544582E-1
2.467222819E1,2.165939542E1,1.237781237E0
2.517043949E1,2.159987339E1,1.688028364E0
2.566855626E1,2.149806955E1,1.919891946E0
2.616648486E1,2.143345155E1,1.838637046E0
2.666464939E1,2.133914283E1,1.749448713E0
2.716290840E1,2.131109167E1,1.618073844E0
2.766102163E1,2.073867706E1,1.751953246E0
2.815912640E1,2.192181572E1,2.192549114E0
2.865715431E1,1.729438675E1,2.225243084E0
2.915523072E1,1.648485343E1,2.265456891E0
3.015135473E1,1.530329785E1,2.354602850E0
3.064966567E1,1.562261558E1,4.257719068E0
3.114795035E1,1.463267288E1,4.631097303E0
3.164630999E1,1.456607720E1,4.981934189E0
3.214453421E1,1.455774165E1,4.146100442E0
3.264277108E1,1.485955688E1,4.192708182E0
3.314108640E1,1.578782466E1,4.337926043E0
3.363926947E1,1.685909228E1,4.560712502E0
3.413746759E1,1.729983238E1,4.533258714E0
3.463572218E1,1.785009791E1,4.293698496E0
3.513392697E1,1.869928162E1,4.013169681E0
3.563202212E1,1.942942952E1,3.763608157E0
3.612997431E1,1.997582034E1,3.719373483E0
3.662812957E1,2.091278173E1,3.728945346E0
3.712629238E1,2.171842278E1,3.579306179E0
3.762452306E1,2.230628623E1,3.582991175E0
3.812261921E1,2.281082775E1,3.572649471E0
3.862066306E1,2.330604602E1,3.555992755E0
3.911884978E1,2.371604597E1,3.039169623E0
3.961706535E1,2.420987714E1,2.874517624E0
4.011520879E1,2.474561130E1,2.776076000E0
4.061308280E1,2.502306832E1,2.633599082E0
4.111106910E1,2.550625621E1,2.609923789E0
4.160901218E1,2.613988874E1,2.636135422E0
4.210690822E1,2.683003972E1,2.574172643E0
4.260477311E1,2.764985517E1,2.693968089E0
4.310275530E1,2.823316648E1,2.950898480E0
4.360081551E1,2.865176721E1,2.412089820E0
4.409875181E1,2.901095538E1,2.602562238E0
4.459669468E1,2.943490660E1,2.519919838E0
4.509452025E1,2.998470163E1,2.309600727E0
4.559238801E1,3.039876746E1,2.236086505E0
4.609018681E1,3.098478386E1,2.100526133E0
4.658811499E1,3.036949219E1,1.626206321E0
4.708607791E1,1.594585912E1,2.128090274E0
4.758408212E1,1.352480563E1,9.415028012E-1
4.808206129E1,1.023951454E1,3.190966171E-1
4.858000108E1,9.725843017E0,1.070175204E0
4.907788874E1,9.545540118E0,2.398638798E0
4.957607192E1,9.455569447E0,3.005684696E0
5.007425874E1,9.193113082E0,3.016430411E0
5.057227473E1,9.146765622E0,2.873985733E0
5.107031577E1,9.085144795E0,2.830109671E0
5.156818030E1,9.323743157E0,3.180983983E0
5.206613832E1,9.342492493E0,3.221893394E0
5.256409910E1,9.093791053E0,3.119742757E0
5.306211134E1,9.075814436E0,3.122821454E0
5.356014530E1,9.036870433E0,3.102651289E0
5.405813983E1,8.931893619E0,3.728323013E0
5.455617212E1,8.806268867E0,4.272622587E0
5.505415640E1,8.768558400E0,4.027486683E0
5.555194249E1,8.759179545E0,3.636511176E0
5.604969015E1,8.838734836E0,3.760542784E0
5.654759358E1,9.736430459E0,4.066400498E0
5.704552973E1,1.151476334E1,4.346054794E0
5.754354676E1,1.275954673E1,4.315566992E0
5.804160280E1,1.385577785E1,3.980173611E0
5.853966697E1,1.596512627E1,3.878524323E0
5.903767296E1,1.750534959E1,3.970863135E0
5.953555900E1,1.886703525E1,3.820783254E0
6.053134676E1,2.098241114E1,3.484442374E0
6.102935801E1,2.197112407E1,3.481774151E0
6.102935801E1,2.197112407E1,3.481774151E0
6.152745348E1,2.301089250E1,3.210211790E0
6.202542176E1,2.376372863E1,3.100986802E0
6.302141140E1,2.500494682E1,3.067088382E0
6.351939030E1,2.564604480E1,2.968541272E0
6.401734061E1,2.639584705E1,2.836403561E0
6.451539989E1,2.691846979E1,2.717961693E0
6.501355473E1,2.756003599E1,2.680479930E0
6.551174921E1,2.796029884E1,2.735470198E0
6.600972025E1,2.864227332E1,2.792891268E0
6.650783921E1,2.931323563E1,2.887335045E0
6.700592791E1,2.976135171E1,2.841277639E0
6.750402030E1,3.026158191E1,2.870069684E0
6.800211233E1,3.214693855E1,2.715245103E0
6.850044046E1,2.049665444E1,6.435006149E-1
6.899846488E1,1.122285383E1,-6.911016149E-3
6.949646119E1,9.487208920E0,1.534403841E0
6.999450593E1,9.080273329E0,2.248253214E0
7.049253817E1,8.981343343E0,1.987700735E0
7.099042697E1,8.996297571E0,1.936850445E0
7.148834728E1,8.972982368E0,2.281342101E0
7.198649707E1,8.919237280E0,2.973865765E0
7.248463890E1,8.868718811E0,2.378307992E0
7.298256968E1,8.835653262E0,2.374133177E0
7.348060494E1,8.842941002E0,1.865911444E0
7.397849483E1,8.822128596E0,2.294620413E0
7.447661869E1,8.789112452E0,2.261139109E0
7.497460499E1,8.731075336E0,2.383640427E0
7.547240582E1,8.640988375E0,2.450623881E0
7.597048884E1,8.339692691E0,2.420044298E0
7.646847608E1,8.014419757E0,2.921530641E0
7.696645650E1,7.963102546E0,3.110915549E0
7.746453838E1,7.967915784E0,3.394018824E0
7.796249213E1,8.013893910E0,3.498189138E0
7.846051155E1,8.482080252E0,3.593549511E0
7.895857207E1,9.255377798E0,3.278482645E0
7.945669197E1,1.029018005E1,3.145984717E0
7.995479978E1,1.179063120E1,3.088403502E0
8.045288582E1,1.316900917E1,2.952658046E0
8.095113410E1,1.414482611E1,2.978935110E0
8.144932640E1,1.483658060E1,2.955102884E0
8.194760817E1,1.551332496E1,2.967579446E0
8.244570322E1,1.624708865E1,2.875891235E0
8.294363067E1,1.701686034E1,2.940240145E0
8.344170291E1,1.730004587E1,2.969238042E0
8.393968874E1,1.757727624E1,3.013914529E0
8.443762832E1,1.816367330E1,3.043748116E0
8.493566744E1,1.808424036E1,3.166509287E0
8.543363890E1,1.803315613E1,3.134988573E0
8.593155791E1,1.936578535E1,3.452383319E0
8.642947020E1,2.064152936E1,3.634911053E0
8.692737332E1,2.193394863E1,3.925728179E0
8.742547228E1,2.280471893E1,3.979702464E0
8.792343715E1,2.356964985E1,3.998917495E0
8.842145304E1,2.374587676E1,3.829148401E0
8.891950997E1,2.455643514E1,3.532156399E0
8.941752653E1,2.528217259E1,3.341724633E0
8.991537736E1,2.567209086E1,3.289112458E0
9.041330148E1,2.617648046E1,3.284327260E0
9.091118028E1,2.672658469E1,3.250821947E0
9.140908976E1,2.696709954E1,3.255580906E0
9.190692320E1,2.715620985E1,3.346483762E0
9.240485997E1,2.768951897E1,3.404800716E0
9.290266997E1,2.792752853E1,3.459040719E0
9.340054695E1,2.841659170E1,3.578505083E0
9.389838507E1,2.877560617E1,3.598573407E0
9.439633429E1,2.921138884E1,3.561517004E0
9.539213418E1,3.006748842E1,3.160920363E0
9.588997861E1,1.972050600E1,9.322996042E-1
9.638799247E1,5.602380406E0,-3.029693298E-1
9.688606528E1,1.050802766E0,4.601971738E-1
9.738414450E1,9.982865839E-1,3.030074329E0
9.788223195E1,1.012066414E0,3.078154554E0
9.838026559E1,9.920207106E-1,3.698995106E0
9.887818992E1,1.013736288E0,3.031843073E0
9.937604981E1,9.987649266E-1,3.230016799E0
9.987412148E1,9.946184546E-1,2.865142434E0
1.003721793E2,1.005146188E0,3.009546270E0
1.008702904E2,1.001776296E0,3.098681220E0
1.013682420E2,1.012369443E0,2.969552326E0
1.018665527E2,1.012126986E0,3.057809446E0
1.023647132E2,1.785957346E0,2.872476193E0
1.028628193E2,3.706275604E0,3.600273841E0
1.033611223E2,5.396914895E0,3.328082898E0
1.038593988E2,6.939569546E0,3.896915490E0
1.043575604E2,9.055780241E0,4.943847923E0
1.048557742E2,1.112863784E1,4.242307078E0
1.053540159E2,1.274866331E1,4.135175446E0
1.058523169E2,1.450388161E1,4.497427819E0
1.063504956E2,1.538891992E1,4.447697478E0
1.068485628E2,1.638857552E1,4.628289098E0
1.073466500E2,1.736624290E1,4.394055906E0
1.078446686E2,1.862622583E1,4.928344284E0
1.083428372E2,1.966784415E1,4.926054484E0
1.088409850E2,2.043496105E1,5.037027930E0
1.093391426E2,2.117080908E1,5.237325194E0
1.098372407E2,2.213753016E1,5.359936827E0
1.103352323E2,2.260360451E1,5.592095215E0
1.108332162E2,2.330122381E1,5.494519751E0
1.113313784E2,2.421639116E1,5.278061528E0
1.118295832E2,2.482278719E1,5.287597240E0
1.123276670E2,2.557868329E1,5.425707679E0
1.128258017E2,2.638356332E1,5.472666359E0
1.133238038E2,2.698448417E1,5.406918183E0
1.138218723E2,2.759510110E1,5.362494150E0
1.143199124E2,2.853210257E1,5.539196474E0
1.148179923E2,2.923800197E1,5.293021785E0
1.153161151E2,2.994144720E1,5.407478938E0
1.158141725E2,3.041216883E1,5.408077542E0
1.163124916E2,3.154492073E1,6.860032811E0
1.168104032E2,2.048508308E1,3.998443848E0
1.173084788E2,1.455078902E1,3.237537727E0
1.178066277E2,3.685272837E0,8.426741621E-1
1.183049451E2,1.286790727E0,1.690417699E0
1.188031860E2,9.555858660E-1,4.716127159E0
1.193012772E2,1.089089911E0,4.840126338E0
1.197992843E2,9.963479098E-1,5.412765105E0
1.202973481E2,9.420084369E-1,5.365197795E0
1.207955981E2,1.013219005E0,5.400939073E0
1.212938159E2,9.787620214E-1,5.325394275E0
1.217919142E2,9.649698691E-1,4.803714915E0
1.222900551E2,9.825489732E-1,4.553163896E0
1.227881310E2,9.817249189E-1,4.515245200E0
1.232862602E2,9.848618993E-1,4.374035176E0
1.237843344E2,9.919019226E-1,4.306561201E0
1.242823118E2,1.002556576E0,4.434414709E0
1.247803584E2,9.787620214E-1,4.507161760E0
1.252782555E2,9.715455077E-1,4.539668138E0
1.257763072E2,9.682290988E-1,4.519735821E0
1.262744373E2,9.887665006E-1,4.481929464E0
1.267725994E2,9.853339533E-1,4.471691440E0
1.272708393E2,1.508427746E0,4.384020657E0
1.277690035E2,4.109301860E0,3.999898758E0
1.282672336E2,6.907825287E0,3.942579932E0
1.287655765E2,9.304447447E0,4.432721900E0
1.292638350E2,9.877249146E0,4.409337994E0
1.297620386E2,9.926414159E0,4.532135612E0
1.307579138E2,1.376437499E1,4.711223615E0
1.312558729E2,1.645113944E1,4.691883915E0
1.317538683E2,1.845113828E1,4.509847707E0
1.322518539E2,2.052649354E1,4.381709835E0
1.327498555E2,2.231827567E1,4.718421217E0
1.332479718E2,2.333606711E1,4.894562499E0
1.337459060E2,2.418266078E1,4.943612067E0
1.342440023E2,2.496561398E1,4.977366985E0
1.347421017E2,2.606863216E1,5.115569326E0
1.352401624E2,2.633947262E1,5.406949441E0
1.357381259E2,2.669156313E1,5.363269765E0
1.362361935E2,2.716267164E1,4.214660189E0
1.367341365E2,2.752169502E1,4.117822716E0
1.372319981E2,2.803342102E1,3.890892519E0
1.377298191E2,2.877227784E1,4.078986153E0
1.382276295E2,2.917964708E1,4.022960619E0
1.387256166E2,2.938761507E1,4.006467458E0
1.392234610E2,2.994680598E1,3.987001384E0
1.397213262E2,3.051301276E1,3.969054878E0
1.402193450E2,3.029112984E1,2.098208087E0
1.407172001E2,2.180140899E1,4.267947185E0
1.412150994E2,1.685305888E1,2.684163790E0
1.417129016E2,1.658942533E1,2.853170898E0
1.422106625E2,1.698347487E1,3.017847384E0
1.427085461E2,1.723482230E1,3.061964154E0
1.432064606E2,1.725768592E1,3.224673574E0
1.437042237E2,1.625393274E1,3.581197172E0
1.442019972E2,1.565132148E1,3.771003301E0
1.446998493E2,1.547047531E1,3.688764425E0
1.451978465E2,1.678720988E1,3.699977657E0
1.456958548E2,1.749268099E1,3.573884026E0
1.461939743E2,1.773273469E1,3.806005678E0
1.466920097E2,1.961138878E1,4.044229658E0
1.471900187E2,1.984923890E1,4.354019670E0
1.476878782E2,1.876618461E1,4.237717908E0
1.481858148E2,2.098998607E1,5.136460363E0
1.486837773E2,2.047804253E1,5.090466610E0
1.491818442E2,1.828899441E1,4.402284976E0
1.496798548E2,1.225807255E1,2.338949974E0
1.501780550E2,7.104140737E0,1.813143455E0
1.506761355E2,1.935714659E0,5.045553055E-1
1.511741047E2,1.002316353E0,2.453052659E0
1.516721373E2,1.009543028E0,3.313713728E0
1.521702250E2,1.037952708E0,3.162373021E0
1.526683034E2,1.019292557E0,3.763270380E0
1.531663873E2,1.016592027E0,3.960864352E0
1.536644637E2,1.012854705E0,3.922087826E0
1.541626425E2,1.015861308E0,3.951193585E0
1.546608022E2,1.012854705E0,3.969932801E0
1.551588687E2,1.050173384E0,3.999015133E0
1.556569570E2,1.002016260E0,3.786740106E0
1.561549307E2,1.033512765E0,3.570134706E0
1.566530003E2,1.458359568E0,3.955409896E0
1.571510356E2,4.936055466E0,4.977011703E0
1.576493286E2,9.410154550E0,6.433804426E0
1.581473682E2,1.144076485E1,5.819433287E0
1.586454808E2,1.360559352E1,5.593243108E0
1.591435134E2,1.516955492E1,5.891378107E0
1.596415692E2,1.618306164E1,6.062193933E0
1.601396085E2,1.739603459E1,6.053010856E0
1.606374976E2,1.878224457E1,6.302113043E0
1.616333622E2,2.067044269E1,6.618265631E0
1.621312372E2,2.158617115E1,6.857852181E0
1.626291783E2,2.224729992E1,6.740453426E0
1.631272169E2,2.300292317E1,6.547132265E0
1.636253376E2,2.356622926E1,5.824536372E0
1.641233686E2,2.404566139E1,5.769794446E0
1.646211924E2,2.447954550E1,5.763314059E0
1.651189946E2,2.487305652E1,5.219174676E0
1.656169903E2,2.510199893E1,5.154011425E0
1.661150283E2,2.544898219E1,5.079690966E0
1.666130794E2,2.607555053E1,4.764584294E0
1.671111215E2,2.660010920E1,4.496342833E0
1.676091533E2,2.723697440E1,4.142524448E0
1.681072675E2,2.777472402E1,3.932369608E0
1.686054646E2,2.825900543E1,3.471848477E0
1.691037014E2,2.884841183E1,3.531768127E0
1.696020062E2,2.920771543E1,4.034331901E0
1.701002322E2,2.962827511E1,4.547599621E0
1.705984010E2,3.006424085E1,4.817047235E0
1.710966555E2,3.039320758E1,4.804803370E0
1.715948244E2,3.079947533E1,4.881531882E0
1.720930372E2,3.091528547E1,4.901568660E0
1.725910530E2,3.127152788E1,5.011171399E0
1.730892066E2,3.168200306E1,5.179276847E0
1.735873103E2,3.202379439E1,5.294727418E0
1.740855166E2,3.248738931E1,5.587026729E0
1.745837285E2,3.295736050E1,4.885167814E0
1.750821223E2,3.386607539E1,5.073628183E0
1.755802109E2,2.645715084E1,4.625332881E0
1.760782836E2,1.477523595E1,3.309145601E0
1.765763387E2,7.871041322E0,5.613017758E0
1.770743442E2,1.498121696E0,5.904746757E0
1.775723190E2,1.044499598E0,5.470978290E0
1.780702474E2,9.933298290E-1,5.935810653E0
1.785681970E2,1.000442742E0,5.950831336E0
1.790662861E2,1.030635675E0,5.194428969E0
1.795643259E2,1.030635675E0,5.449898227E0
1.800623963E2,1.037442928E0,5.483617821E0
1.805605118E2,1.023582099E0,4.989010627E0
1.810584163E2,1.023336737E0,5.168416466E0
1.815562386E2,1.040503029E0,5.185448858E0
1.820539546E2,1.009603503E0,4.875323670E0
1.825516827E2,1.009663985E0,4.650494860E0
1.830496197E2,1.043748612E0,4.553858528E0
1.835477068E2,1.007354333E0,4.392198506E0
1.840455810E2,5.020987877E0,4.256106601E0
1.845434088E2,9.180610250E0,4.457488897E0
1.850415925E2,1.182608342E1,4.164132117E0
1.855397999E2,1.425991118E1,5.107034984E0
1.860380238E2,1.740114571E1,4.861789312E0
1.865360803E2,2.000123502E1,6.074218672E0
1.870342561E2,2.125988748E1,6.729630070E0
1.875323478E2,2.189477045E1,6.830854631E0
1.880304928E2,2.241058585E1,6.533026689E0
1.885285628E2,2.340141284E1,6.484827820E0
1.890265383E2,2.395243866E1,6.005894983E0
1.895244683E2,2.447530287E1,5.535688183E0
1.900225066E2,2.489902168E1,5.153060038E0
1.910184248E2,2.590922640E1,4.815096373E0
1.915164746E2,2.640498557E1,4.768995845E0
1.920145016E2,2.709392809E1,4.705660208E0
1.925129252E2,2.760429536E1,4.714636118E0
1.930111448E2,2.804041540E1,4.665214693E0
1.935093422E2,2.861453972E1,4.526877299E0
1.940075644E2,2.937501879E1,4.418143375E0
1.945058645E2,2.987875814E1,4.416722085E0
1.950041262E2,3.050127968E1,4.519259446E0
1.955023444E2,3.178044329E1,4.291444594E0
1.960004262E2,2.183644362E1,3.777102019E0
1.964986065E2,3.456912712E0,2.433134219E0
1.969966750E2,9.807262180E-1,3.893278562E0
1.974948363E2,9.914861991E-1,3.997583157E0
1.979930117E2,1.005868804E0,3.665245539E0
1.984910347E2,1.051369785E0,4.806295464E0
1.989891007E2,9.758548585E-1,5.423628280E0
1.994871799E2,1.030141602E0,5.351995487E0
1.999854119E2,1.023888942E0,5.613953961E0
2.004838236E2,1.021066068E0,5.862382282E0
2.009820637E2,1.027878837E0,5.916463541E0
2.014802411E2,1.028372388E0,6.215198675E0
2.019782497E2,1.007438088E0,5.958344019E0
2.024764762E2,1.017445700E0,5.976972423E0
2.029746575E2,1.024564722E0,5.736806220E0
2.034729940E2,1.048060426E0,5.652062059E0
2.039713833E2,1.793538027E0,5.315806313E0
2.044696261E2,5.906727938E0,4.138423888E0
2.049678628E2,1.189750527E1,4.156975095E0
2.054660039E2,1.666943086E1,4.564129228E0
2.059641552E2,2.018603779E1,4.737423117E0
2.064622670E2,2.194032798E1,4.732553132E0
2.069604091E2,2.271434039E1,4.502768446E0
2.074585688E2,2.330561359E1,4.240224562E0
2.079566228E2,2.395868228E1,4.152153437E0
2.084547924E2,2.474919210E1,3.822794098E0
2.089530315E2,2.540448890E1,3.118440026E0
2.094512595E2,2.621156435E1,3.311473188E0
2.099492447E2,2.698724588E1,3.487512829E0
2.104473012E2,2.766567364E1,3.413382831E0
2.109452085E2,2.454889717E1,2.750799721E0
2.114431159E2,4.111860997E0,2.739431070E0
2.119412148E2,1.009166214E0,2.864623443E0
2.124391999E2,9.165718489E-1,3.675283606E0
2.129371325E2,9.742190519E-1,3.867353312E0
2.134349703E2,1.029401379E0,3.783097378E0
2.139331505E2,9.989443518E-1,3.962388076E0
2.144312408E2,9.608454641E-1,4.077080360E0
2.149294265E2,1.029894743E0,3.911367327E0
2.154275566E2,1.088454765E0,3.894472405E0
2.159254349E2,4.617501358E0,4.363896998E0
2.164234215E2,8.689039731E0,5.638767359E0
2.169214778E2,1.223457419E1,6.805223476E0
2.174195404E2,1.464835293E1,5.819060171E0
2.179175910E2,1.713976836E1,6.180330718E0
2.184155847E2,1.847816763E1,6.591926029E0
2.189136513E2,2.034676668E1,6.192870920E0
2.194118056E2,2.185346983E1,6.401234558E0
2.199098881E2,2.269493914E1,6.094867250E0
2.204079383E2,2.370096738E1,6.058328346E0
2.209061702E2,2.434227339E1,6.241914347E0
2.214043510E2,2.509503842E1,5.854961854E0
2.219025892E2,2.575470520E1,6.028135265E0
2.224005768E2,2.613498506E1,6.148763001E0
2.228987214E2,2.678339886E1,6.213390840E0
2.233967484E2,2.721498349E1,6.239544706E0
2.238947811E2,2.755951809E1,6.222787910E0
2.248905147E2,2.818739042E1,6.072619565E0
2.253884037E2,2.861263668E1,5.926937807E0
2.258864211E2,2.896984289E1,5.859078000E0
2.263844651E2,2.944671956E1,5.624128320E0
2.268825279E2,2.981120624E1,5.587750945E0
2.273804879E2,3.051856839E1,5.550413689E0
2.278786787E2,3.151063758E1,5.632243293E0
2.283768593E2,3.222305710E1,5.900647369E0
2.288747622E2,3.305573169E1,5.735153208E0
2.293726541E2,2.235753143E1,6.884619221E0
2.298706884E2,2.620876563E0,4.631363928E0
2.303685119E2,9.797603118E-1,6.283582983E0
2.308662726E2,9.581030246E-1,5.447625192E0
2.313641456E2,9.479163669E-1,5.223539048E0
2.318620985E2,9.931510922E-1,5.652398758E0
2.323598178E2,9.693908652E-1,6.160899187E0
2.328574956E2,1.007679944E0,6.686885964E0
2.333551714E2,9.804073281E-1,6.294498076E0
2.338531360E2,1.013158303E0,5.213319802E0
2.343510312E2,1.036510846E0,4.183666994E0
2.348490113E2,1.023214150E0,4.526830969E0
2.353470854E2,1.026708524E0,4.608998314E0
2.358450527E2,9.709060221E-1,4.456220754E0
2.363429105E2,4.839024994E0,4.395024898E0
2.368407612E2,1.192904024E1,4.097502153E0
2.373385483E2,2.086824186E1,5.237932806E0
2.378364250E2,2.413779652E1,5.394006151E0
2.383344220E2,2.540055033E1,5.449779888E0
2.388325490E2,2.623570748E1,5.257138660E0
2.393305324E2,2.699646943E1,5.272028820E0
2.398283033E2,2.774249922E1,5.882214770E0
2.403260424E2,2.827559212E1,6.183822635E0
2.408240530E2,2.885322524E1,6.120452879E0
2.413220748E2,2.931986501E1,6.104456985E0
2.418202082E2,2.977870422E1,6.258710816E0
2.423183500E2,3.024711558E1,6.213281232E0
2.428166180E2,3.082454490E1,6.144390552E0
2.433147519E2,3.106657198E1,6.108763863E0
2.438129074E2,3.163497328E1,5.901223135E0
2.443108217E2,3.179879473E1,5.848688990E0
2.448089332E2,3.205340946E1,5.788183658E0
2.453070368E2,3.234005655E1,5.825120423E0
2.458051798E2,3.282734295E1,5.757956597E0
2.463032430E2,3.332940734E1,5.628693818E0
2.468014797E2,3.443005305E1,5.647435948E0
2.472994611E2,1.971368522E1,6.291604551E0
2.477976117E2,2.322217994E0,3.805732576E0
2.482958517E2,1.009361549E0,3.292586405E0
2.487939604E2,9.920207106E-1,3.904066054E0
2.492921112E2,9.991838765E-1,4.134177652E0
2.497902548E2,1.005567516E0,4.466679096E0
2.502883179E2,9.881744021E-1,4.356455007E0
2.507862535E2,9.747442884E-1,4.357755215E0
2.512840965E2,9.779415304E-1,4.537502060E0
2.517819861E2,9.858655317E-1,4.713030604E0
2.522799435E2,9.750362692E-1,4.553586892E0
2.527779277E2,9.889442780E-1,4.615822437E0
2.532757949E2,9.853339533E-1,4.574057685E0
2.537734274E2,1.006049644E0,4.496116474E0
2.542710785E2,1.002196332E0,4.292908228E0
2.547687866E2,1.002616721E0,4.199078533E0
2.552665296E2,2.503512934E0,3.684129768E0
2.557642536E2,5.850431993E0,3.039126773E0
2.562621031E2,1.030484616E1,2.328012943E0
2.567598778E2,1.435094847E1,4.624769484E0
2.572576338E2,1.939649135E1,6.613668088E0
2.577556027E2,2.270641521E1,6.321066676E0
2.582533253E2,2.411609929E1,6.379202285E0
2.587508810E2,2.534503930E1,6.406522252E0
2.592485544E2,2.657267966E1,6.046932406E0
2.597462344E2,2.765763296E1,6.086395470E0
2.607415837E2,2.913775931E1,6.018966399E0
2.612393096E2,2.962061156E1,5.987579081E0
2.617370542E2,3.033715059E1,5.879058938E0
2.617370542E2,3.033715059E1,5.879058938E0
2.627323024E2,3.291972148E0,5.183986858E0
2.632301329E2,9.949411692E-1,5.689797655E0
2.637279615E2,9.694489988E-1,6.134076528E0
2.642257485E2,9.766747299E-1,6.234850976E0
2.647234637E2,9.872267028E-1,6.385874197E0
2.652212397E2,9.802895825E-1,6.626594399E0
2.657190705E2,1.010997017E0,6.200492094E0
2.662167276E2,9.563317033E-1,6.600225564E0
2.667144717E2,1.098264100E0,6.609126734E0
2.672120403E2,1.389818355E0,6.571391737E0
2.677095997E2,4.733133445E0,6.418829373E0
2.682074845E2,8.621494645E0,6.214755049E0
2.687053526E2,1.421995526E1,4.457647365E0
2.692032111E2,2.082315268E1,3.984625070E0
2.697011758E2,2.379087367E1,3.871284011E0
2.701991675E2,2.502369516E1,4.340822951E0
2.706971522E2,2.564739708E1,4.381068253E0
2.711952450E2,2.622365548E1,4.299919760E0
2.716933164E2,2.681033431E1,4.263247704E0
2.721914609E2,2.751824043E1,4.661479786E0
2.726895418E2,2.789372802E1,4.611760788E0
2.731875708E2,2.855961870E1,4.524435615E0
2.736855221E2,2.907411885E1,4.471696997E0
2.741833552E2,2.977233517E1,4.377405029E0
2.746813812E2,3.051028930E1,4.145479082E0
2.751793495E2,3.091527192E1,4.153610315E0
2.756772939E2,3.122351785E1,4.603186319E0
2.761751196E2,2.525156524E1,6.277652829E0
2.766730802E2,2.092856728E0,1.799798866E0
2.771710455E2,9.610756825E-1,2.535135413E0
2.776690109E2,1.012369443E0,1.650392179E0
2.781669171E2,1.019353680E0,3.288180909E0
2.786649033E2,9.093260156E-1,2.979464904E0
2.791628641E2,9.915455398E-1,3.382753225E0
2.796607868E2,9.920207106E-1,3.842555116E0
2.801587707E2,9.884111375E-1,3.841866539E0
2.806569427E2,9.984060790E-1,4.182168869E0
2.811549317E2,9.889442780E-1,4.332520974E0
2.816530118E2,9.923179948E-1,4.560955052E0
2.821511183E2,9.985256980E-1,4.438591805E0
2.826490045E2,9.932702746E-1,5.656476628E0
2.831468321E2,9.917830683E-1,5.154816433E0
2.836446333E2,3.471970409E0,4.581582023E0
2.841425132E2,7.764703647E0,3.232814542E0
2.846402142E2,1.199371434E1,2.815556864E0
2.851378809E2,1.499177550E1,3.990503613E0
2.856354880E2,1.803912632E1,4.118332961E0
2.861331853E2,2.015769214E1,4.988903802E0
2.866309244E2,2.176851884E1,4.760909811E0
2.871287295E2,2.405551092E1,4.509190967E0
2.876265610E2,2.483631906E1,4.643026606E0
2.881245511E2,2.574635572E1,4.438063671E0
2.886225532E2,2.666867395E1,4.183158668E0
2.891205781E2,2.746959843E1,3.938864351E0
2.896184140E2,2.844791855E1,3.620703110E0
2.901162552E2,2.925072874E1,3.628570164E0
2.906141706E2,3.002033174E1,3.508490163E0
2.911120347E2,3.059175363E1,3.224522651E0
2.916100241E2,3.114880393E1,3.392572437E0
2.921078699E2,3.181916721E1,3.217997036E0
2.931037458E2,2.698362835E1,4.383199995E0
2.936016177E2,2.196733066E0,2.644125315E0
2.940996799E2,9.611332314E-1,2.840146350E0
2.945977308E2,9.709637524E-1,3.153603931E0
2.950956757E2,9.619400077E-1,4.710180955E0
2.955935548E2,9.510081811E-1,4.529702544E0
2.960915518E2,9.647386075E-1,4.560410506E0
2.965898114E2,1.016835801E0,4.931637656E0
2.970877316E2,9.491678899E-1,6.194062902E0
2.975857465E2,1.014374225E0,5.979109511E0
2.980837352E2,1.000322759E0,5.837868612E0
2.985816918E2,1.006652786E0,5.946933839E0
2.990796569E2,1.021249904E0,6.118538948E0
2.995775328E2,1.003699232E0,6.146938880E0
3.000752365E2,1.007740402E0,6.174401981E0
3.005731011E2,9.471215859E-1,6.252035067E0
3.010711002E2,3.125687086E0,5.544920298E0
3.015689365E2,5.380633651E0,4.322734112E0
3.020668284E2,8.880235276E0,3.000940533E0
3.025646488E2,1.108879187E1,2.289914728E0
3.030624082E2,1.372932805E1,3.084665225E0
3.035602556E2,1.593553242E1,3.501507170E0
3.040581643E2,1.757012049E1,3.009028407E0
3.045560555E2,1.914325364E1,2.831219568E0
3.050538657E2,2.037927220E1,2.640922425E0
3.055518242E2,2.103897897E1,3.044235652E0
3.060497593E2,2.195969643E1,2.843152201E0
3.065477318E2,2.301608702E1,2.832868234E0
3.070457052E2,2.407331227E1,2.549858546E0
3.075436718E2,2.494786103E1,2.071977239E0
3.080418207E2,2.555929765E1,2.072621190E0
3.085398403E2,2.627850523E1,2.222450530E0
3.090377166E2,2.685003327E1,2.248509279E0
3.095357367E2,2.756922833E1,2.285698039E0
3.100336524E2,2.829014096E1,2.397531546E0
3.105316277E2,2.889974591E1,2.158659861E0
3.110295813E2,2.941528347E1,2.028947332E0
3.115276259E2,2.977317316E1,1.744848030E0
3.120257082E2,3.043151940E1,1.666804338E0
3.125237924E2,3.094739956E1,1.524773614E0
3.130218132E2,3.105016257E1,1.461978686E0
3.135196533E2,3.146812879E1,1.496206159E0
3.140175807E2,3.231215862E1,1.212449438E0
3.145153553E2,2.583170001E1,2.925093801E0
3.150131784E2,4.468615601E0,1.145227257E0
3.155111113E2,1.075737689E0,1.065551144E-1
3.160092896E2,1.030326849E0,6.010667307E-1
3.165072803E2,1.019781263E0,1.071273693E0
3.170053485E2,1.008274141E0,1.433381616E0
3.175034999E2,1.009119711E0,1.173831148E0
3.180015568E2,9.955719494E-1,1.397097353E0
3.184995896E2,9.989443518E-1,1.537680199E0
3.189975405E2,9.810784300E-1,1.803941041E0
3.194955754E2,9.814309888E-1,1.797731939E0
3.199935991E2,9.919019226E-1,1.852919733E0
3.204914954E2,9.816661375E-1,2.003899685E0
3.209895897E2,9.744523894E-1,2.105992871E0
3.214875515E2,9.573571957E-1,1.969024360E0
3.219853889E2,9.852158504E-1,1.949274592E0
3.224832806E2,9.885887871E-1,2.137729469E0
3.229813706E2,9.881744021E-1,2.270464746E0
3.234792857E2,9.813722426E-1,2.472724437E0
3.239773023E2,9.812546777E-1,2.403926814E0
3.244753580E2,9.850388901E-1,2.445906684E0
3.249732325E2,9.710218687E-1,2.486276704E0
3.254712511E2,9.745691467E-1,2.500275991E0
3.259690455E2,9.745691467E-1,2.918032059E0
3.264670306E2,9.642764165E-1,3.154169535E0
3.274629585E2,9.987649266E-1,3.418170876E0
3.279609214E2,1.071530512E0,4.145416317E0
3.284588491E2,2.345274125E0,4.508874124E0
3.289569342E2,5.795758729E0,4.423440858E0
3.294548779E2,1.037199736E1,4.070755929E0
3.299528924E2,1.448194511E1,2.655947263E0
3.304507150E2,1.810981846E1,2.456645157E0
3.309487833E2,2.089649039E1,3.008572547E0
3.314467901E2,2.388230271E1,2.522165794E0
3.319446107E2,2.497450239E1,2.538470699E0
3.324424491E2,2.625099723E1,2.157928405E0
3.329403628E2,2.753152549E1,1.840549853E0
3.334380910E2,2.850171014E1,1.375826461E0
3.339360064E2,2.961057141E1,1.429258316E0
3.344338573E2,3.157799939E1,3.657956267E0
3.349319126E2,5.441429578E0,2.400313751E0
3.354298852E2,1.031006492E0,1.058493805E0
3.359278275E2,9.949162671E-1,1.162979952E0
3.364258361E2,1.002616721E0,1.263495943E0
3.369238809E2,1.002857088E0,1.637949870E0
3.374217545E2,1.005868804E0,1.489739075E0
3.379196565E2,1.012733394E0,1.520617914E0
3.384176682E2,1.009180135E0,1.403791737E0
3.389156554E2,1.019475755E0,1.383206310E0
3.394138179E2,1.019353680E0,1.503103039E0
3.399118744E2,1.005868804E0,3.309499420E0
3.404099554E2,1.020147978E0,4.907179228E0
3.409080586E2,1.017140659E0,5.458008915E0
3.414061488E2,1.006532138E0,5.381473082E0
3.419041907E2,1.020453792E0,5.382435230E0
3.424020832E2,1.023643433E0,5.381151931E0
3.428998109E2,9.964076272E-1,5.344967099E0
3.433976862E2,1.013158303E0,5.335927267E0
3.438955216E2,1.023827578E0,5.375302956E0
3.443931896E2,1.231866768E0,5.300856280E0
3.448908926E2,3.062202286E0,4.837003068E0
3.453886577E2,5.890329778E0,4.937743190E0
3.458863777E2,1.115200777E1,3.356018788E0
3.463841833E2,1.604035512E1,3.747892925E0
3.468820463E2,1.937669252E1,3.572498752E0
3.473799238E2,2.151692153E1,3.022989801E0
3.478778039E2,2.353471700E1,3.149560120E0
3.483758303E2,2.547463317E1,2.747666059E0
3.488739110E2,2.720961689E1,2.599607641E0
3.493718676E2,2.918131529E1,2.827612620E0
3.498700320E2,1.280502186E1,2.285165049E0
3.503679971E2,1.119114651E0,4.009202012E0
3.508660705E2,1.218510144E0,4.102205997E0
3.513642317E2,7.759831143E-1,4.543621919E0
3.518622172E2,9.902498082E-1,5.812034055E0
3.523603055E2,1.051874439E0,6.323966162E0
3.528583771E2,1.024134568E0,5.768438553E0
3.533563618E2,1.055247792E0,5.820509639E0
3.538542738E2,1.055247792E0,5.973572074E0
3.548503263E2,3.270585294E0,5.411046268E0
3.553482654E2,9.391606976E0,5.625282476E0
3.558460598E2,1.406198555E1,5.023805924E0
3.563439750E2,1.776396691E1,4.457782829E0
3.568417675E2,1.994056910E1,3.922650953E0
3.573397884E2,2.241393748E1,4.632785681E0
3.578376918E2,2.449480019E1,4.908879607E0
3.583357769E2,2.582346964E1,4.938008093E0
3.588337961E2,2.653762613E1,4.862583791E0
3.593317369E2,2.743525023E1,4.410449505E0
3.598298110E2,2.833515530E1,4.236680161E0
3.603278558E2,2.936721620E1,4.092560059E0
3.608258438E2,2.399155201E1,5.768844336E0
3.613237856E2,3.372646049E0,5.810666447E0
3.618216499E2,1.045865325E0,7.012292201E0
3.623195906E2,1.051432903E0,6.076794272E0
3.628176958E2,1.041376767E0,5.938858335E0
3.633157370E2,1.038314311E0,6.046412177E0
3.638138534E2,1.031253983E0,6.041932595E0
3.643119868E2,1.017140659E0,5.822177428E0
3.648100146E2,1.024441840E0,5.742929872E0
3.653080749E2,1.031253983E0,5.861683961E0
3.658060681E2,1.044186581E0,5.982896990E0
3.663038161E2,1.038065181E0,5.874940977E0
3.668016382E2,5.049410579E0,4.332005750E0
3.672993997E2,1.713939713E1,3.537341179E0
3.677972720E2,2.286997320E1,4.078496680E0
3.682952678E2,1.594877743E1,4.345818396E0
3.687932616E2,1.495456251E0,2.768465377E0
3.692910882E2,1.046804970E0,3.209486372E0
3.697889064E2,1.029648002E0,3.472893105E0
3.702867007E2,1.026216569E0,3.510510709E0
3.707847212E2,1.022417654E0,3.533180920E0
3.712828137E2,1.012551386E0,3.551757064E0
3.717807798E2,1.036572906E0,3.555176535E0
3.722789199E2,1.036076434E0,3.632082874E0
3.727770410E2,1.022968867E0,3.579540428E0
3.732749354E2,9.999379940E-1,3.143723601E0
3.737728627E2,5.643613978E0,2.847506228E0
3.742707714E2,1.453420746E1,4.103096113E0
3.747687950E2,1.877913457E1,3.937865957E0
3.752667971E2,2.015351253E1,4.751297198E0
3.757648737E2,2.123813818E1,4.376870054E0
3.762628418E2,2.222333215E1,4.080116727E0
3.767607457E2,2.312648773E1,3.936149282E0
3.772587831E2,2.393548588E1,3.918045130E0
3.777565272E2,2.465274997E1,3.828017217E0
3.782545123E2,2.536854675E1,3.552148020E0
3.787525243E2,2.605587769E1,3.320192799E0
3.792504446E2,2.688355202E1,3.232514677E0
3.797487048E2,2.792277860E1,3.335492248E0
3.802465109E2,2.732200547E1,3.649531583E0
3.807444439E2,1.528561324E0,2.528208848E0
3.812423437E2,1.021194807E0,2.767017328E0
3.817403123E2,1.019109522E0,3.112923538E0
3.822382645E2,1.176769046E0,3.738230408E0
3.827361089E2,1.002977267E0,3.537195549E0
3.832340646E2,1.001956282E0,3.755762309E0
3.837320713E2,1.012794046E0,3.846661980E0
3.847277955E2,1.040004437E0,4.255613861E0
3.852257510E2,1.043623603E0,4.246132941E0
3.857234172E2,1.023275440E0,4.424703190E0
3.862211675E2,1.016348369E0,4.431266354E0
3.867190106E2,1.022968867E0,4.338054872E0
3.872167360E2,1.043436045E0,4.194160017E0
3.877143826E2,1.050739824E0,4.093426372E0
3.882120827E2,1.297519187E0,4.282428647E0
3.887098257E2,4.874503058E0,2.352734551E0
3.892075974E2,1.150990642E1,2.877608022E0
3.897052795E2,1.694997124E1,2.563344411E0
3.902029904E2,2.085597974E1,2.426397877E0
3.907006988E2,2.342399616E1,2.174744227E0
3.911984843E2,2.488677376E1,2.200433820E0
3.916961580E2,2.612568450E1,3.017772891E0
3.921939541E2,2.678600627E1,2.913612647E0
3.926918831E2,2.746270210E1,2.981341644E0
3.931898579E2,2.797571558E1,2.955498154E0
3.936877725E2,2.850795769E1,2.866465802E0
3.941857038E2,2.905923450E1,2.748710128E0
3.946834972E2,2.777498873E1,3.722929108E0
3.951812060E2,3.651594566E0,3.155929007E0
3.956789901E2,1.003338167E0,4.949869616E0
3.961767801E2,1.016835801E0,5.146411353E0
3.966746212E2,1.117573001E0,5.495994350E0
3.971724977E2,9.412742968E-1,5.698007017E0
3.976703439E2,1.026585442E0,4.734654742E0
3.981681083E2,1.051243773E0,5.092182606E0
3.986658470E2,1.026893154E0,5.124740040E0
3.991636714E2,1.027077752E0,5.200623525E0
3.996615173E2,1.023336737E0,5.236539490E0
4.001594491E2,2.857097782E0,4.954779225E0
4.006574251E2,9.619327454E0,4.048358860E0
4.011553913E2,1.704434140E1,7.511483968E0
4.016532126E2,2.094134792E1,6.913199408E0
4.021510553E2,2.367049481E1,6.306586881E0
4.026491322E2,2.504100194E1,5.707238537E0
4.031473701E2,2.648874891E1,5.669821917E0
4.036453342E2,2.770453032E1,5.518675581E0
4.041434523E2,2.780819470E1,5.322485564E0
4.046413264E2,1.381143247E1,5.244064005E0
4.051392538E2,9.692745260E-1,3.618277710E0
4.056370942E2,1.023030225E0,3.877192258E0
4.061350304E2,9.786447642E-1,4.247147207E0
4.066329225E2,1.006230453E0,4.537880841E0
4.071308710E2,9.892999300E-1,4.655018025E0
4.076288021E2,9.926153623E-1,5.080744120E0
4.081267969E2,9.976040526E-1,6.430422816E0
4.086248166E2,1.007377570E0,6.060013614E0
4.091229840E2,1.003518619E0,5.826272444E0
4.096209999E2,9.964674470E-1,5.559826890E0
4.101190891E2,1.006713121E0,5.726242942E0
4.106171744E2,1.007196349E0,6.205072925E0
4.111150692E2,9.902498082E-1,6.447733694E0
4.116133012E2,9.972448044E-1,6.319430220E0
4.121112877E2,9.912014171E-1,6.470871158E0
4.126094298E2,1.010815015E0,6.087213077E0
4.131076560E2,1.014009094E0,5.908956098E0
4.136056764E2,1.000202709E0,5.949413527E0
4.141036054E2,1.000442742E0,6.015449082E0
4.151000847E2,1.032182689E0,6.720217737E0
4.155983481E2,1.557125197E0,6.185355468E0
4.160964141E2,3.787442622E0,4.762790373E0
4.165946073E2,9.427934356E0,4.094756745E0
4.170925789E2,1.498513438E1,4.608372228E0
4.175905737E2,1.715822380E1,4.501742154E0
4.180886036E2,1.857537880E1,4.692354768E0
4.185866581E2,1.939541317E1,4.245579694E0
4.190846570E2,2.095930450E1,3.804609595E0
4.195826071E2,2.204669763E1,3.475678375E0
4.200805833E2,2.261540826E1,3.654257293E0
4.205786128E2,2.343505550E1,3.501112978E0
4.210766055E2,2.415777407E1,3.464166640E0
4.215745390E2,2.458586349E1,3.650078187E0
4.220726189E2,2.492320776E1,3.524621631E0
4.225705938E2,2.535622587E1,3.443175906E0
4.230685918E2,2.577250326E1,3.454746599E0
4.235665000E2,2.606838972E1,3.401585148E0
4.240644093E2,2.660163720E1,3.320424424E0
4.245622824E2,2.687580689E1,3.368027409E0
4.250604545E2,2.718676409E1,3.324918522E0
4.255586057E2,2.740298250E1,3.315397710E0
4.260567652E2,2.773981819E1,3.402562616E0
4.265548494E2,2.806888087E1,3.454941254E0
4.270529918E2,2.835448543E1,3.454678914E0
4.275511572E2,2.856533883E1,3.188206249E0
4.280492409E2,2.876753266E1,3.065793903E0
4.285472008E2,2.929020212E1,3.160791518E0
4.290452153E2,2.962490910E1,3.189811820E0
4.295431274E2,2.991756583E1,3.091729763E0
4.300410269E2,3.026820318E1,3.009476493E0
4.305390605E2,3.060921523E1,2.894179988E0
4.310369813E2,3.089193658E1,2.909697495E0
4.315352403E2,3.120719817E1,2.775851585E0
4.320331862E2,3.158585709E1,2.736758825E0
4.325312954E2,3.182186510E1,2.763967607E0
4.330294602E2,3.233718004E1,2.715010566E0
4.335274693E2,3.254115227E1,2.441192859E0
4.340255864E2,3.291381869E1,2.431996879E0
4.345238936E2,3.165934658E1,1.589296924E0
4.350220443E2,8.052250867E0,2.090752093E0
4.355202977E2,1.167746096E0,2.770765261E0
4.360183957E2,1.006411423E0,3.068137103E0
4.365164828E2,1.060911681E0,3.357805108E0
4.370145540E2,1.018423139E0,3.594542942E0
4.375124990E2,1.032955641E0,3.882635854E0
4.380104476E2,9.974243962E-1,4.647192694E0
4.385085022E2,1.048311879E0,4.968405767E0
4.390064858E2,1.018987439E0,5.105934228E0
4.395045564E2,1.023582099E0,5.094679462E0
4.400027194E2,1.020331484E0,5.163758548E0
4.405007047E2,1.020392634E0,5.283330555E0
4.409990724E2,9.962881996E-1,5.412442585E0
4.414974506E2,1.006713121E0,5.413087664E0
4.419957322E2,1.009906085E0,5.374341615E0
4.424940787E2,9.967065121E-1,5.387447843E0
4.429923558E2,1.006592459E0,5.456707658E0
4.434905474E2,1.009966700E0,5.572114990E0
4.439886703E2,1.010511889E0,5.639792823E0
4.444866293E2,9.967662725E-1,5.632984350E0
4.449846391E2,1.000442742E0,5.535561417E0
4.459809553E2,3.118975689E0,5.135047154E0
4.464788555E2,1.062828824E1,3.715920591E0
4.469765878E2,1.728665451E1,3.568747680E0
4.474744224E2,2.162743370E1,5.380093936E0
4.479723281E2,2.415564268E1,5.244373757E0
4.484703643E2,2.539354617E1,5.173322982E0
4.489685192E2,2.675407062E1,5.056042117E0
4.494666127E2,2.815851995E1,4.906660178E0
4.499645280E2,2.905228774E1,4.538448496E0
4.504625332E2,2.972493437E1,4.783857411E0
4.509605639E2,1.412856834E1,3.560947172E0
4.514585336E2,8.922058092E-1,4.570415481E0
4.519565990E2,9.906064000E-1,5.088026513E0
4.524545771E2,9.992437279E-1,5.035235041E0
4.529527247E2,1.007619397E0,5.250862346E0
4.534509120E2,1.000502744E0,5.903559792E0
4.539491047E2,1.018484364E0,6.669702397E0
4.544473072E2,1.005146381E0,6.787923844E0
4.549456032E2,9.942840526E-1,6.729999249E0
4.554438393E2,9.912014171E-1,6.613559258E0
4.559419563E2,1.004241460E0,6.561316780E0
4.564400193E2,1.014617760E0,6.588864267E0
4.569378800E2,9.973046293E-1,6.540558281E0
4.574357662E2,1.025364568E0,6.754556262E0
4.579337990E2,1.072328960E0,6.746015758E0
4.584318123E2,4.435681034E0,5.538390449E0
4.589297849E2,9.657013008E0,5.764024243E0
4.594277875E2,1.429182600E1,4.983299923E0
4.599258137E2,1.859516859E1,4.889462652E0
4.604239594E2,2.187548960E1,4.020333543E0
4.609220464E2,2.532647363E1,3.981447141E0
4.614201367E2,1.640078945E1,4.753685638E0
4.619181873E2,3.255069682E0,5.023072852E0
4.624163281E2,1.516369379E0,5.647052048E0
4.629143261E2,1.020821089E0,5.854182064E0
4.634121959E2,1.024257474E0,5.901801547E0
4.639103082E2,1.024134568E0,5.914701158E0
4.644082205E2,1.027940480E0,5.947430052E0
4.649064571E2,1.010511889E0,5.867788268E0
4.654046912E2,1.020698595E0,5.468877321E0
4.659030155E2,1.005929045E0,4.710500280E0
4.664009488E2,9.994833007E-1,4.302816257E0
4.668989988E2,9.957509392E-1,4.233232871E0
4.673971048E2,9.887072872E-1,4.174421092E0
4.678952677E2,9.885295950E-1,4.183916653E0
4.683934936E2,9.884704099E-1,4.251946387E0
4.688916506E2,9.954526270E-1,4.317315472E0
4.693898875E2,9.919613130E-1,4.282923616E0
4.698881896E2,9.852158504E-1,4.218563495E0
4.703864079E2,9.919613130E-1,3.883331651E0
4.708845632E2,9.958702381E-1,4.674099428E0
4.713828635E2,9.958702381E-1,4.923054260E0
4.723795204E2,2.401319307E0,4.770439748E0
4.728777603E2,5.092317434E0,4.260661306E0
4.733760405E2,9.860082161E0,3.429055556E0
4.738743298E2,1.450965472E1,3.307153773E0
4.743725878E2,1.745920222E1,2.891702604E0
4.748709325E2,1.995394166E1,2.652803536E0
4.753692934E2,2.207208918E1,2.323120921E0
4.758675910E2,2.374150224E1,1.542521325E0
4.763658305E2,2.514251938E1,1.325305188E0
4.768641409E2,2.675422160E1,1.302473367E0
4.773623464E2,2.029953513E1,3.031900959E0
4.778605075E2,2.065776924E0,1.963929119E0
4.783587381E2,1.010633176E0,2.247223387E0
4.788569394E2,9.880561240E-1,2.129725784E0
4.793550243E2,9.920207106E-1,2.949720134E0
4.798531447E2,9.985854706E-1,3.650041043E0
4.803512749E2,9.574718209E-1,3.198838223E0
4.808495003E2,9.884111375E-1,3.151124311E0
4.813474940E2,9.984658372E-1,3.400052682E0
4.818456270E2,9.953334282E-1,3.489992420E0
4.823437036E2,9.613402128E-1,3.461721272E0
4.828418387E2,3.176597082E0,3.299825438E0
4.833400128E2,6.882015804E0,3.391695107E0
4.838382824E2,1.255673094E1,4.673702157E0
4.843364460E2,1.703275120E1,5.852015703E0
4.848345445E2,2.079605664E1,6.223398679E0
4.853324561E2,2.442754565E1,5.501623761E0
4.858302363E2,2.616693702E1,5.534827118E0
4.863280661E2,2.739322185E1,5.445407081E0
4.868258480E2,2.818620963E1,5.123615390E0
4.873236071E2,2.880676514E1,5.060491560E0
4.878214521E2,2.926071329E1,5.027523577E0
4.883193259E2,2.997301675E1,4.801386131E0
4.888172033E2,3.068800575E1,5.257640341E0
4.893152827E2,3.183526586E1,5.095647561E0
4.898131745E2,7.591970767E0,6.483455350E0
4.903111450E2,7.806689654E-1,6.093112551E0
4.908091122E2,9.554712813E-1,6.363581233E0
4.913071926E2,9.914396052E-1,7.351177693E0
4.918050855E2,1.005811033E0,7.328440152E0
4.923031686E2,1.015837189E0,7.265271100E0
4.928013382E2,1.005629659E0,7.425371293E0
4.932993500E2,1.009194152E0,7.531230213E0
4.937973965E2,1.005992375E0,7.566881390E0
4.942955598E2,9.918567335E-1,7.432144568E0
4.947935426E2,1.005085932E0,7.262248055E0
4.952916437E2,9.882352573E-1,7.302110642E0
4.957898098E2,1.009072894E0,7.357625068E0
4.962880331E2,1.029670192E0,7.330084548E0
4.967862117E2,1.029360913E0,7.368547451E0
4.972844097E2,2.212980546E0,7.027703606E0
4.977827944E2,5.356892643E0,6.618043878E0
4.982809626E2,9.003632363E0,5.662485048E0
4.987790868E2,1.313980922E1,6.290725277E0
4.992772502E2,1.673170839E1,6.348038830E0
4.997755358E2,1.969066456E1,5.980428247E0
5.002739654E2,2.157758410E1,5.148737913E0
5.007721575E2,2.300176721E1,5.259975735E0
5.012702817E2,2.412879343E1,5.775739965E0
5.017684602E2,2.533545362E1,5.668313868E0
5.022667020E2,2.610424067E1,5.691783087E0
5.027649023E2,2.665808570E1,5.670920258E0
5.032630554E2,2.730719179E1,5.482313473E0
5.037612087E2,2.814307080E1,5.365525185E0
5.042591900E2,2.897644835E1,5.293157930E0
5.047572387E2,2.969891364E1,4.873113331E0
5.052553138E2,2.274834969E1,6.330524892E0
5.057534911E2,3.330003275E0,6.855503456E0
5.062515496E2,9.960493351E-1,6.749295402E0
5.067497696E2,1.031006492E0,6.716018167E0
5.072479360E2,1.018423139E0,6.896633988E0
5.077461201E2,9.850885471E-1,6.458880140E0
5.082443947E2,1.014617760E0,6.588864267E0
5.087425796E2,1.000682890E0,6.628410807E0
5.092410080E2,1.004120882E0,6.220885539E0
5.102376001E2,9.937471002E-1,6.495650704E0
5.107358487E2,1.011421911E0,6.532706976E0
5.112341338E2,9.973046293E-1,6.496423549E0
5.117323556E2,1.011179084E0,6.517570784E0
5.122305926E2,9.906658411E-1,6.521742100E0
5.127287141E2,1.004422237E0,6.379079064E0
5.132269816E2,1.024564722E0,6.280933581E0
5.137252202E2,1.900370279E0,5.891298874E0
5.142234820E2,6.553862504E0,5.154403631E0
5.147218083E2,1.284218067E1,5.382129023E0
5.152199993E2,1.659961841E1,6.156344738E0
5.157182119E2,1.977958228E1,5.132856695E0
5.162164336E2,2.230061301E1,5.330548322E0
5.167147696E2,2.416950624E1,4.917884651E0
5.172129223E2,2.494088621E1,4.925114917E0
5.177110111E2,2.566966309E1,4.858519011E0
5.182091925E2,2.634846063E1,4.860012154E0
5.187074092E2,2.690622906E1,4.709905255E0
5.192054720E2,2.780283052E1,4.533335797E0
5.197038517E2,2.854571156E1,4.426598612E0
5.202018987E2,2.900629768E1,5.181785764E0
5.207001870E2,2.943887212E1,5.209246105E0
5.211986695E2,2.976558382E1,5.021379621E0
5.216970985E2,3.023632873E1,4.650709985E0
5.221953345E2,3.060161711E1,4.666698154E0
5.226935126E2,3.096317274E1,4.703490043E0
5.231916428E2,3.140840685E1,4.747453294E0
5.236898253E2,3.175892669E1,4.645997802E0
5.241879094E2,3.270154538E1,4.178531740E0
5.246859970E2,9.858251464E0,5.362010710E0
5.251841735E2,9.020059894E-1,6.498406869E0
5.256825577E2,9.938663305E-1,6.679702393E0
5.261809356E2,9.838466872E-1,6.702052211E0
5.266792467E2,9.880571163E-1,7.300808295E0
5.271775108E2,1.009133519E0,7.422424935E0
5.276758360E2,9.921548565E-1,7.573202758E0
5.281740280E2,9.853847666E-1,7.750096631E0
5.286721624E2,9.924531588E-1,7.994959149E0
5.291703254E2,1.003694545E0,8.326556011E0
5.296686285E2,1.008113846E0,8.310809044E0
5.301668339E2,9.927517357E-1,8.102107858E0
5.306649263E2,1.689923809E0,7.156243271E0
5.311631683E2,4.215947064E0,7.808856907E0
5.316613619E2,7.780582924E0,5.202527990E0
5.321594432E2,1.209978068E1,4.790597131E0
5.326575705E2,1.592284547E1,5.121948829E0
5.331557119E2,1.909846747E1,5.940741105E0
5.336537431E2,2.176334495E1,6.203685262E0
5.341518053E2,2.313404239E1,5.562062649E0
5.346497391E2,2.431799241E1,5.699469346E0
5.351477257E2,2.538837560E1,5.497722368E0
5.356456926E2,2.622187647E1,5.371252628E0
5.361438420E2,2.729253404E1,5.086461123E0
5.366419839E2,2.816850616E1,4.705413150E0
5.371401586E2,2.931115508E1,4.582776215E0
5.376385467E2,3.028292763E1,3.920131639E0
5.381367147E2,3.197536889E1,3.117683197E0
5.386350078E2,1.303502848E1,6.085878735E0
5.391331339E2,1.600119826E0,6.113219077E0
5.396312756E2,8.303654091E-1,7.421685487E0
5.401293369E2,1.000202709E0,6.007216694E0
5.406273936E2,9.973046293E-1,6.292623609E0
5.416234774E2,9.877604203E-1,6.915647496E0
5.421214429E2,1.011604131E0,6.893653179E0
5.426192929E2,1.010875740E0,6.328868870E0
5.431172551E2,9.974842426E-1,6.565492366E0
5.436150812E2,1.001343916E0,6.680283683E0
5.441128456E2,1.004181120E0,6.581291845E0
5.446108545E2,1.007982403E0,6.587037742E0
5.451087533E2,9.941049723E-1,6.413053597E0
5.456067383E2,1.007861339E0,6.433436415E0
5.461047567E2,9.907253842E-1,6.590040855E0
5.466027827E2,1.004965247E0,6.708638786E0
5.471008252E2,1.001404026E0,6.867335345E0
5.475986785E2,1.015227157E0,6.935586415E0
5.480964758E2,1.280580556E0,6.926301105E0
5.485941791E2,2.973507783E0,7.197161275E0
5.490919858E2,5.196913341E0,7.144091705E0
5.495897350E2,9.097170998E0,6.553132269E0
5.500874210E2,1.472869839E1,6.637894232E0
5.505852916E2,1.896878922E1,6.249964480E0
5.510832408E2,2.217654693E1,5.837749008E0
5.515810905E2,2.420282519E1,5.554825864E0
5.520790485E2,2.635904717E1,5.984859817E0
5.525771290E2,1.150617203E1,5.453935862E0
5.530750214E2,3.030819492E0,6.597984225E0
5.535730774E2,8.594406654E-1,7.362592541E0
5.540711545E2,9.345729056E-1,7.232412982E0
